{
  "cabecera": {
    "dato": {
      "id": 1,
      "CalleP": "Zamora",
      "AguaCaliente": false
    },
    "siguiente": {
      "dato": {
        "id": 2,
        "CalleP": "Zamora",
        "AguaCaliente": false
      },
      "siguiente": {
        "dato": {
          "id": 3,
          "CalleP": "Zamora",
          "AguaCaliente": false
        },
        "siguiente": {
          "dato": {
            "id": 4,
            "CalleP": "Zamora",
            "AguaCaliente": false
          },
          "siguiente": {
            "dato": {
              "id": 5,
              "CalleP": "Zamora",
              "AguaCaliente": false
            },
            "siguiente": {
              "dato": {
                "id": 6,
                "CalleP": "Zamora",
                "AguaCaliente": false
              },
              "siguiente": {
                "dato": {
                  "id": 7,
                  "CalleP": "Zamora",
                  "AguaCaliente": false
                }
              }
            }
          }
        }
      }
    }
  },
  "tamanio": 7
}