<?xml version="1.0" encoding="UTF-8"?>
<project-private xmlns="http://www.netbeans.org/ns/project-private/1">
    <editor-bookmarks xmlns="http://www.netbeans.org/ns/editor-bookmarks/2" lastBookmarkId="0"/>
    <open-files xmlns="http://www.netbeans.org/ns/projectui-open-files/2">
        <group>
            <file>file:/C:/Users/lettc/OneDrive/Desktop/Tercer%20Ciclo/AlquilerRamaPropiedades/Alquiler-de-Propiedades/Alquiler%20de%20Propiedades/src/controlador/PropiedadDao.java</file>
            <file>file:/C:/Users/lettc/OneDrive/Desktop/Tercer%20Ciclo/AlquilerRamaPropiedades/Alquiler-de-Propiedades/Alquiler%20de%20Propiedades/src/controlador/listas/NodoLista.java</file>
            <file>file:/C:/Users/lettc/OneDrive/Desktop/Tercer%20Ciclo/AlquilerRamaPropiedades/Alquiler-de-Propiedades/Alquiler%20de%20Propiedades/src/controlador/Controlador_Direccion.java</file>
            <file>file:/C:/Users/lettc/OneDrive/Desktop/Tercer%20Ciclo/AlquilerRamaPropiedades/Alquiler-de-Propiedades/Alquiler%20de%20Propiedades/src/vista/FrmPropiedadImagen.java</file>
            <file>file:/C:/Users/lettc/OneDrive/Desktop/Tercer%20Ciclo/AlquilerRamaPropiedades/Alquiler-de-Propiedades/Alquiler%20de%20Propiedades/src/Main/main.java</file>
            <file>file:/C:/Users/lettc/OneDrive/Desktop/Tercer%20Ciclo/AlquilerRamaPropiedades/Alquiler-de-Propiedades/Alquiler%20de%20Propiedades/src/controlador/Controlador_Propiedad.java</file>
            <file>file:/C:/Users/lettc/OneDrive/Desktop/Tercer%20Ciclo/AlquilerRamaPropiedades/Alquiler-de-Propiedades/Alquiler%20de%20Propiedades/src/vista/Utilidades/Utilidades.java</file>
            <file>file:/C:/Users/lettc/OneDrive/Desktop/Tercer%20Ciclo/AlquilerRamaPropiedades/Alquiler-de-Propiedades/Alquiler%20de%20Propiedades/src/controlador/listas/ListaCreada.java</file>
            <file>file:/C:/Users/lettc/OneDrive/Desktop/Tercer%20Ciclo/AlquilerRamaPropiedades/Alquiler-de-Propiedades/Alquiler%20de%20Propiedades/data/XML/Propiedad.xml</file>
            <file>file:/C:/Users/lettc/OneDrive/Desktop/Tercer%20Ciclo/AlquilerRamaPropiedades/Alquiler-de-Propiedades/Alquiler%20de%20Propiedades/src/vista/FrmLogin.java</file>
            <file>file:/C:/Users/lettc/OneDrive/Desktop/Tercer%20Ciclo/AlquilerRamaPropiedades/Alquiler-de-Propiedades/Alquiler%20de%20Propiedades/src/vista/FrmAgregarImagenes.java</file>
            <file>file:/C:/Users/lettc/OneDrive/Desktop/Tercer%20Ciclo/AlquilerRamaPropiedades/Alquiler-de-Propiedades/Alquiler%20de%20Propiedades/src/controlador/Controlador_Imagen.java</file>
            <file>file:/C:/Users/lettc/OneDrive/Desktop/Tercer%20Ciclo/AlquilerRamaPropiedades/Alquiler-de-Propiedades/Alquiler%20de%20Propiedades/src/controlador/InterfazDao.java</file>
            <file>file:/C:/Users/lettc/OneDrive/Desktop/Tercer%20Ciclo/AlquilerRamaPropiedades/Alquiler-de-Propiedades/Alquiler%20de%20Propiedades/src/controlador/listas/Iterator.java</file>
            <file>file:/C:/Users/lettc/OneDrive/Desktop/Tercer%20Ciclo/AlquilerRamaPropiedades/Alquiler-de-Propiedades/Alquiler%20de%20Propiedades/src/modelo/Propiedad.java</file>
            <file>file:/C:/Users/lettc/OneDrive/Desktop/Tercer%20Ciclo/AlquilerRamaPropiedades/Alquiler-de-Propiedades/Alquiler%20de%20Propiedades/src/controlador/utiles/Utilidades.java</file>
            <file>file:/C:/Users/lettc/OneDrive/Desktop/Tercer%20Ciclo/AlquilerRamaPropiedades/Alquiler-de-Propiedades/Alquiler%20de%20Propiedades/src/controlador/listas/ListaEnlazada.java</file>
            <file>file:/C:/Users/lettc/OneDrive/Desktop/Tercer%20Ciclo/AlquilerRamaPropiedades/Alquiler-de-Propiedades/Alquiler%20de%20Propiedades/src/vista/FramePagos.java</file>
            <file>file:/C:/Users/lettc/OneDrive/Desktop/Tercer%20Ciclo/AlquilerRamaPropiedades/Alquiler-de-Propiedades/Alquiler%20de%20Propiedades/src/vista/FrmRegistro.java</file>
            <file>file:/C:/Users/lettc/OneDrive/Desktop/Tercer%20Ciclo/AlquilerRamaPropiedades/Alquiler-de-Propiedades/Alquiler%20de%20Propiedades/src/controlador/AdaptadorDao.java</file>
            <file>file:/C:/Users/lettc/OneDrive/Desktop/Tercer%20Ciclo/AlquilerRamaPropiedades/Alquiler-de-Propiedades/Alquiler%20de%20Propiedades/src/vista/FrmContratoUsuario.java</file>
            <file>file:/C:/Users/lettc/OneDrive/Desktop/Tercer%20Ciclo/AlquilerRamaPropiedades/Alquiler-de-Propiedades/Alquiler%20de%20Propiedades/data/JSON/Propiedad.json</file>
            <file>file:/C:/Users/lettc/OneDrive/Desktop/Tercer%20Ciclo/AlquilerRamaPropiedades/Alquiler-de-Propiedades/Alquiler%20de%20Propiedades/src/vista/FrmIngresoDireccion.java</file>
            <file>file:/C:/Users/lettc/OneDrive/Desktop/Tercer%20Ciclo/AlquilerRamaPropiedades/Alquiler-de-Propiedades/Alquiler%20de%20Propiedades/src/vista/FrmIngresoPropiedad.java</file>
            <file>file:/C:/Users/lettc/OneDrive/Desktop/Tercer%20Ciclo/AlquilerRamaPropiedades/Alquiler-de-Propiedades/Alquiler%20de%20Propiedades/src/modelo/Pago.java</file>
            <file>file:/C:/Users/lettc/OneDrive/Desktop/Tercer%20Ciclo/AlquilerRamaPropiedades/Alquiler-de-Propiedades/Alquiler%20de%20Propiedades/src/vista/FrmDescripcionPropiedad.java</file>
        </group>
    </open-files>
</project-private>
