<?xml version="1.0" encoding="UTF-8" standalone="yes"?>
<listaEnlazada>
    <cabecera>
        <propiedad>
            <aguaCaliente>false</aguaCaliente>
            <calleP>Zamora</calleP>
            <id>1</id>
        </propiedad>
        <siguiente>
            <propiedad>
                <aguaCaliente>false</aguaCaliente>
                <calleP>Zamora</calleP>
                <id>2</id>
            </propiedad>
            <siguiente>
                <propiedad>
                    <aguaCaliente>false</aguaCaliente>
                    <calleP>Zamora</calleP>
                    <id>3</id>
                </propiedad>
                <siguiente>
                    <propiedad>
                        <aguaCaliente>false</aguaCaliente>
                        <calleP>Zamora</calleP>
                        <id>4</id>
                    </propiedad>
                    <siguiente>
                        <propiedad>
                            <aguaCaliente>false</aguaCaliente>
                            <calleP>Zamora</calleP>
                            <id>5</id>
                        </propiedad>
                        <siguiente>
                            <propiedad>
<aguaCaliente>false</aguaCaliente>
<calleP>Zamora</calleP>
<id>6</id>
                            </propiedad>
                            <siguiente>
<propiedad>
    <aguaCaliente>false</aguaCaliente>
    <calleP>Zamora</calleP>
    <id>7</id>
</propiedad>
                            </siguiente>
                        </siguiente>
                    </siguiente>
                </siguiente>
            </siguiente>
        </siguiente>
    </cabecera>
    <tamanio>7</tamanio>
</listaEnlazada>
